"","intensity","quartile"
"Acetone",16640.3953488372,7
"Acetic acid",248087.813953488,10
"Peroxynitrite",57861.1860465116,9
"Butynol",26169.3953488372,8
"PropenoicacidC3:1",21259.6511627907,8
"Glyoxylicacid",5417.76744186046,2
"2-Propene-1-thiol",83552.4418604651,10
"C3:0(Propionicacid)",8248.32558139535,4
"Thioaceticacid",277697.744186047,10
"2-Methylfuran",10081.1395348837,5
"Hydroxybutynal",8614.83720930233,4
"Methylpropenylketone",12175.7441860465,6
"Succinicaldehyde",378482.186046512,10
"C4:0(Butyricacid)",35461.3023255814,9
"Alanine",5259.90697674419,2
"Lactate",24395.3023255814,8
"2-Methyl-1-propanethiol",26152.8372093023,8
"Thioglycolicacid",36572.4186046512,9
"Toluene",41950.3720930233,9
"Phenol",222715.744186047,10
"Methylpyrazine",83402,10
"Mesylate",1589173.79069767,10
"Methylphosphonate",120251.604651163,10
"Cyclohexenone",12156.6744186047,6
"Maleimide",7213.51162790698,3
"Moniliformin",493296.651162791,10
"C5:2",292620.860465116,10
"Succinimide",11502.6976744186,6
"Valerolactone",32700.6046511628,9
"Homoserinelactone",4542.41860465116,2
"Oxobutanoicacid",41360.511627907,9
"Pentanoicacid",55767.976744186,9
"Aminobutanoicacid(ABA)",13759.1860465116,7
"Hydroxypyruvate",26378.0697674419,9
"Hydroxybutanoicacid",10498.3953488372,5
"Aromaticaldehyde",11646.3255813953,6
"3-(Methylthio)-1-propanol",19254.4651162791,8
"Benzylalcohol",53807.9534883721,9
"Benzosemiquinone",39006.1162790698,9
"Methylmethanesulfonicacid",102279.441860465,10
"2-Vinylthiophene",73995.1627906977,10
"Catechol",80229.6976744186,10
"Pyrrole-2-carboxylicacid",7679.32558139535,4
"Cytosine",4396.93023255814,2
"Monomethylsulfate",24553.1627906977,8
"2-Thiophenecarboxaldehyde",132609.139534884,10
"Furoicacid",52775.9069767442,9
"Uracil",13379.488372093,6
"(Z)-4-Heptenal",7233.20930232558,3
"Pyrrolinecarboxylicacid",4361.62790697674,2
"Creatinine",4658.67441860465,2
"Proline",10199.0930232558,5
"Ketovaline",201878.465116279,10
"2-Methyl-1-methylthio-2-butene",9396.02325581395,5
"Hexanoicacid",52890.5813953488,9
"Indole",8895.86046511628,5
"Valine;Betaine",17754.7209302326,7
"Succinate",23758.9302325581,8
"1,2-Diacylglycerol-LD-PI-pool",10876.488372093,6
"Tetrose; Purine",29427.8604651163,9
"Phenylacetaldehyde",1336848.6744186,10
"Benzamide",6163.48837209302,2
"3-Mercaptolactate",10686.6976744186,5
"Benzoate",90641.8837209302,10
"Phenylethylalcohol",23631.6976744186,8
"Nicotinate",7501.58139534884,3
"Pyrazinamide",10880.2558139535,6
"Anisidine",14521.0930232558,7
"Orcinol",52805.8837209302,9
"Taurine",15662.8139534884,7
"2-Aminoethylphosphonate",14273.2558139535,7
"N-Ethylmaleimide",11818.9302325581,6
"Dimercaprol; 2-Hydroxyethanesulfonate",11927.023255814,6
"5-Methyl-2-thiophenecarboxaldehyde",65408.7209302326,10
"Pyrogallicacid",58382.6511627907,10
"Thymine",11288.6976744186,6
"Sulcatone",10098.8372093023,5
"(S)-2,3,4,5-Tetrahydropyridine-2-carboxylate",71063.7209302326,10
"5-Hydroxy-2-furoicacid",12010.2558139535,6
"Dihydro-4,4-dimethyl-2,3-furandione",92955.6976744186,10
"Naphthalene",401335.209302326,10
"Ethyltiglate",30820.6279069767,9
"Cyanuricacid",16368.6744186047,7
"Oxoproline",30154.7441860465,9
"Pipecolate",7209.39534883721,3
"Itaconate",14282.511627907,7
"4-Methyl-2-oxopentanoate",26819.3023255814,9
"Ethylisovalerate",31439.1860465116,9
"2-Oxosuccinamate",9428.37209302326,5
"(Iso)Leucine",46517.6744186046,9
"Oxaluricacid",27081.023255814,9
"Glutarate",19143.8372093023,8
"Asparagine",11697.0930232558,6
"Ornithine",14336.6046511628,7
"2-Heptanethiol",6059.11627906977,2
"1-Isothiocyanato-2-(methylthio)ethane",6194.16279069767,2
"Aspartate",5354.88372093023,2
"Mandelonitrile",8536.02325581395,4
"3-Methylpyrrolo[1,2-a]pyrazine",6916.53488372093,3
"Malate",21803.2093023256,8
"Deoxyribose",10375.8372093023,5
"Indan-1-ol",186730.697674419,10
"Adenine",23178.5581395349,8
"S-Methyl-1-thio-D-glycerate",20085.9534883721,8
"1-Pentanesulfenothioicacid; Hypoxanthine",11563.4651162791,6
"Sodiumsalicylate",26148,8
"Anthranilate",8374.37209302326,4
"Tyramine",8950.3488372093,5
"Urocanate",76733.1162790698,10
"Acetyl-P",5062.6511627907,2
"Methylimidazoleaceticacid",26575.8604651163,9
"3,4-Diethylthiophene",18123.6976744186,8
"cis-1,2-Dihydro-3-ethylcatechol",23093.1395348837,8
"(3Z,6Z)-3,6-Nonadien-1-ol",6505.83720930233,3
"Carbamoylphosphate",70945.3953488372,10
"Methamidophos",21490.4418604651,8
"2-Aminomuconatesemialdehyde",13956.023255814,7
"Thien-2-ylacetate",50305.488372093,9
"2-Hydroxymuconatesemialdehyde",79074.6744186047,10
"4-Oxocyclohexanecarboxylate",19749.7906976744,8
"1-Methylnaphthalene",18374.9534883721,8
"Cycloheptanecarboxylicacid",13283.6976744186,6
"2,3-Dimethylmaleate",14584.4186046512,7
"2-Naphthol",19589.488372093,8
"alpha-EMTBL",6545.74418604651,3
"trans-4-Hydroxycyclohexanecarboxylate",24300.6511627907,8
"Octanoicacid",94838.7906976744,10
"3-Methyleneoxindole",11217.5348837209,6
"4-Acetamidobutanoate",7332,3
"Oxoglutarate",4326.09302325581,2
"Coumarin",7967.46511627907,4
"2-Methylglutaricacid",577449.860465116,10
"Glutamine",50249.1627906977,9
"4-Methyl-4-(methylthio)-2-pentanone",25998.6511627907,8
"3-Hydroxyisoheptanoicacid",30514.7906976744,9
"Lysine",21349.0465116279,8
"Indole-5,6-quinone",19790,8
"Glutamate",39142.7209302326,9
"Indole-3-carbinol",11652.1395348837,6
"Hydroxyglutarate; 2-Propenylpropyldisulfide",70157.8372093023,10
"Cinnamate",27125.3720930233,9
"Cuminaldehyde",41826.0465116279,9
"Methionine",7202.27906976744,3
"6-Methyladenine",7250.18604651163,3
"Thiodiaceticacid",5579.48837209302,2
"Tartaricacid; 2-Methyl-2-(methyldithio)propanal",5426036.81395349,10
"Thymol",26799.7674418605,9
"2,5-Dimethyl-3-propylpyrazine",9486.88372093023,5
"Acetaminophen",13891.976744186,7
"Xanthine",45537.5581395349,9
"p-Hydroxyphenylaceticacid",96000.6279069767,10
"2-Isopropyl-1,4-benzenediol",33970.1395348837,9
"Fosamine",25912.1860465116,8
"3-Hydroxyanthranilicacid",9240.6511627907,5
"Dopamine",10978.1627906977,6
"Gentisicacid",60073.8139534884,10
"C9:2",13225.0697674419,6
"(3S,5S)-Carbapenam-3-carboxylicacid",4308.95348837209,2
"Histidine",8550.79069767442,4
"(R)-2,3-Dihydroxypropane-1-sulfonate",11881.023255814,6
"Orotate",8263.06976744186,4
"Propane-1,2-diol1-phosphate",11909.8372093023,6
"5-Hydroxymethyl-4-methyluracil",4714.86046511628,2
"8-Hydroxy-5,6-octadienoicacid",22417.3023255814,8
"2,6-Dimethyl-naphtalene",21334.488372093,8
"C9:1",11423.9534883721,6
"2-Aminomuconicacid",4510.86046511628,2
"Zymonicacid",15126.7209302326,7
"Isopropylmaleate",26782.4418604651,9
"cis-4-Hydroxycyclohexylaceticacid",33837.7674418605,9
"Oenanthicether",207161.279069767,10
"2-Methylbutyrylglycine",6178.23255813954,2
"Oxoadipate",7209.90697674419,3
"Pimelate",25572.5348837209,8
"3-Methyl-4-phenyl-3-buten-2-one",33428.3023255814,9
"Tryptamine",5610.51162790698,2
"Propylhydroxypentanoicacid",22342.9534883721,8
"2-Indolecarboxylicacid",7574.55813953488,4
"Aminoadipate",4605.06976744186,2
"Umbelliferone",10268.6976744186,5
"Hydroxyadipate; (-)-1-Methylpropyl1-propenyldisulfide",17564.4186046512,7
"cis-1,2-Dihydronaphthalene-1,2-diol",61553.8837209302,10
"Hydroxy-Lys",7657.3488372093,4
"3-Methyldioxyindole",10457.2790697674,5
"Coumarate",31218.0930232558,9
"Ricinine",5262.58139534884,2
"Deoxyhexose; Butylisopropyldisulfide",19172.3488372093,8
"Cumate",23084.2325581395,8
"1-(1-Methoxy-1-methylethyl)-4-methylbenzene",17205.1162790698,7
"4-Methylthiobutylthiohydroximate; 8-Oxoguanine",12880.9534883721,6
"4-Pyridoxolactone",10615.6744186047,5
"N-Methyl-N,4-dinitrosoaniline",9575.27906976744,5
"Methylguanine",7282.6976744186,3
"Phenylalanine",26605.7441860465,9
"Phthalate",47984.3255813954,9
"S-Propyl1-propanesulfinothioate; Methylxanthine",12692788.6744186,10
"2(3H)-Benzothiazolethione",14130.3023255814,7
"Quinolinate",11087.8837209302,6
"Oxoguanine",996014.767441861,10
"Pyridoxal",166423.023255814,10
"Phosphoenolpyruvate",6540.97674418605,3
"2-Oxo-3-(5-oxofuran-2-ylidene)propanoate",8655.76744186047,4
"Urate",294957.581395349,10
"Cysteicacid",73480.511627907,10
"ThiobenzamideS,S-dioxide",58800.2790697674,10
"Pyridoxine",40728.3720930233,9
"Methyl-His",25342,8
"2-Amino-5-phenylpyridine",158759.88372093,10
"C10:1",28844.976744186,9
"2-(4-Methyl-5-thiazolyl)ethylformate",22832.1627906977,8
"Crotanecine",6963.6976744186,3
"Gabapentin",76262,10
"Toluene-4-sulfonate",1295488.69767442,10
"3-Dehydroshikimate",60896.3953488372,10
"3-Acetyl-2,7-naphthyridine",11706.4418604651,6
"2-Octenedioicacid",35749.1162790698,9
"Tetrahydrofurfurylbutyrate",79419.6511627907,10
"Decanoicacid(FA10:0)",124591.88372093,10
"2-Quinolinecarboxylicacid",7355.3023255814,3
"Acetyl-Leu",10192.8372093023,5
"Phenolsulfate",74489.2325581395,10
"Aconitate",93938.5581395349,10
"Shikimate",22095.6279069767,8
"Formimino-Glu",26710.9302325581,9
"Menadiol",87178,10
"Indole-acetamide",8529.72093023256,4
"Subericacid",32340.1162790698,9
"Capillanol",16120.3720930233,7
"Arginine",7741.74418604651,4
"(±)-3-Hydroxynonanoicacid",21302.2093023256,8
"Acetyl-Asp; Berteroin",9848.97674418605,5
"Hexuronicacid;Ascorbate",15266.0697674419,7
"2-Oxo-6-methylthiohexanoicacid; Berteroin; 7-Cyano-7-carbaguanine",7759.09302325581,4
"3-Propylmalate",12147.9069767442,6
"Ethylcinnamate",304859.837209302,10
"L-Cladinose",18467.0465116279,8
"4-Methyl-1-phenyl-2-pentanone",9070.95348837209,5
"7,8-Dihydroxycoumarin",16122.488372093,7
"Glucono-lactone; Methylthiomethyl2-methylbutanethiolate",9745.04651162791,5
"5-Phenylvalericacid",39253.6976744186,9
"Hippurate",5770.23255813954,2
"2(N)-Methyl-norsalsolinol",16972.4186046512,7
"2,4,6-Trimethyl-1,3,5-trithiane",40924.2325581395,9
"4-Hydroxyphenylpyruvicacid",25895,8
"2,2,7,7-Tetramethyl-1,6-dioxaspiro[4.4]nona-3,8-diene",13052.5813953488,6
"8-Hydroxy-7-methylguanine; 12-Tridecene-4,6,8,10-tetraynal",5196.88372093023,2
"Tyrosine",25856.1627906977,8
"Homovanillicacid",45775.6046511628,9
"Mannitol",29282.6046511628,9
"Dacarbazine",20948.3488372093,8
"Geranylformate",7101.6511627907,3
"Saccharin",12228.4651162791,6
"L-Homocysteicacid; 8-Hydroxythioguanine",5824.04651162791,2
"4-Pyridoxate",69427.8604651163,10
"Polystyrenesulfonate",11175.488372093,6
"(+/-)-3-[(2-methyl-3-furyl)thio]-2-butanone",17292.8604651163,7
"Fuberidazole",8236.25581395349,4
"2-Amino-3-carboxymuconicacidsemialdehyde",9136.32558139535,5
"Phosphoglycerate; Diethyldithiophosphate",9300.97674418605,5
"3-Fumarylpyruvate",8294.55813953488,4
"Carbimazole",6387.27906976744,3
"1-Naphthaleneaceticacid",25501.6046511628,8
"5-(2-Methylpropyl)tetrahydro-2-oxo-3-furancarboxylicacid",31931.5813953488,9
"(E)-2-Tridecene-4,6,8-triyn-1-ol",13396.8372093023,6
"3-Oxodecanoicacid",20128.5581395349,8
"Undecanoicacid",29318.8837209302,9
"N-Heptanoylglycine",64156.3720930233,10
"p-Cresolsulfate",13582.1627906977,7
"Tetrahydro-2,5-furan-diaceticacid",18104.7209302326,8
"Trigoforin",115089.976744186,10
"Azelaicacid",65912.5581395349,10
"3-Hydroxycapricacid",13046.5348837209,6
"Acetyl-Glu; 1-Isothiocyanato-6-(methylthio)hexane",11164.511627907,6
"Indole-3-propionicacid",4946.13953488372,2
"N-MethylcalystegineB2",4956.62790697674,2
"Pyrocatecholsulfate",23634.023255814,8
"Coumarin-4-carboxylicacid",9087.48837209302,5
"7-Methoxy-6-methyl-2H-1-benzopyran-2-one",21500.3255813953,8
"3-Hydroxysubericacid",11407.3953488372,6
"Diaminopimelate",12050.0465116279,6
"C15:5",24094.8139534884,8
"5-Methoxytryptamine",15895.7441860465,7
"beta-Damascenone",13110.9534883721,6
"Acetyl-Met",7688.76744186046,4
"(Iso)Citrate",19098.2558139535,8
"C12:4",24259.9302325581,8
"Phenylacetylglycine; Carbendazim",6376.67441860465,3
"2-(2H-1,3-benzodioxol-5-yl)-2-oxoaceticacid",9716.74418604651,5
"Hexuronate",19707.3720930233,8
"trans-Ferulicacid",26041.0465116279,8
"1-Hydroxyphenanthrene",5848.55813953488,2
"(R)-3-Hydroxy-5-phenylpentanoicacid",47284.6511627907,9
"3-methyl-4-(sulfooxy)but-2-enoicacid",13845,7
"3-Methoxy-4,5-methylenedioxybenzoicacid",28996.3255813953,9
"Hexonicacid",48230.8604651163,9
"Dihydro-5-(2-octenyl)-2(3H)-furanone",12231.8372093023,6
"4-Amino-2,6-dinitrotoluene",6631.81395348837,3
"Dihydroxy-Phe",7685.86046511628,4
"3,4-Dihydroxyphthalate",46578.8837209302,9
"Naphthalicanhydride",19507.1860465116,8
"Vanillylmandelicacid",15645.1395348837,7
"4-[(2-Furanylmethyl)thio]-2-pentanone",14538.5813953488,7
"Guaifenesin",19158.9069767442,8
"C12:1",10176.6279069767,5
"2-(4-Methyl-5-thiazolyl)ethylpropionate",21027.6744186047,8
"4-Vinylphenolsulfate",31120.3953488372,9
"5-Methylangelicin",12894.6511627907,6
"(Z)-3-(1-Formyl-1-propenyl)pentanedioicacid; 3,6-Dihydro-4-(4-methyl-3-pentenyl)-1,2-dithiin",22067.2093023256,8
"Monobenzone",220518.906976744,10
"(S)-9-Hydroxy-10-undecenoicacid",16040.4186046512,7
"Dodecanoicacid(FA12:0)",165196.976744186,10
"Capryloylglycine",5978.88372093023,2
"4-Sulfobenzoate",50460.511627907,9
"Bergaptol",6779.51162790698,3
"(2-Naphthalenyloxy)aceticacid",22783.6511627907,8
"Diethyloxalpropionate",16654.1162790698,7
"6-Acetyl-2,2-dimethyl-2H-1-benzopyran",18801.6511627907,8
"Sebacicacid",23506.7906976744,8
"Alanyl-Isoleucine",6842.37209302326,3
"3-Hydroxynonylacetate",7179.88372093023,3
"Acetylaminoadipate; 1-Isothiocyanato-7-(methylthio)heptane",8353.23255813953,4
"O-methoxycatechol-O-sulphate",5931.93023255814,2
"1,4-Dihydroxy-2-naphthoate",17023.488372093,7
"2-Oxo-8-methylthiooctanoicacid",22607,8
"Tryptophan",10211.3255813953,5
"Serylvaline",7659.6976744186,4
"Indolelacticacid",4948.13953488372,2
"5-Sulfoxymethylfurfural",11863.9069767442,6
"Diethyltartrate",7338.18604651163,3
"Ethyltrans-p-methoxycinnamate",162405.697674419,10
"Ibuprofen",10218.2093023256,5
"4-(1,1,3,3-Tetramethylbutyl)-phenol",1859974.30232558,10
"(2R,2S)-Isobuteine",20008,8
"Acetyl-Phe",7838.51162790698,4
"(Z)-[3-(Methylsulfinyl)-1-propenyl]2-propenyldisulfide",96023.7906976744,10
"1-Naphthalenesulfonicacid",18438.4418604651,8
"3-(2H-1,3-benzodioxol-5-yl)-3-oxopropanoicacid",12587.3953488372,6
"Methyl5-(1-Propynyl)-2-thiophenepropanoate",8094.23255813954,4
"(R)-2-Benzylsuccinate",31658.3953488372,9
"Kynurenine",7630.13953488372,4
"Ethylbeta-D-glucopyranoside",98174.6744186047,10
"Isoelemicin",22886.0465116279,8
"Eremopetasinorol",17079.1162790698,7
"Proflavine",16553.3488372093,7
"Galactaricacid",10458.3720930233,5
"Sedoheptulose; 1,3,7-Trimethyluricacid",2106180.02325581,10
"Jasmonicacid",29657.2558139535,9
"C13:2",20785.4651162791,8
"Milrinone",325057.093023256,10
"Thiotropocin",72727.4418604651,10
"2-Phosphinomethylmalate",9672.53488372093,5
"2-oxo-3-(3,4,5-trihydroxyphenyl)propanoicacid",11031.5813953488,6
"3,4-Methyleneazelaicacid",42938.5581395349,9
"Cucurbicacid",19520.1627906977,8
"10-Undecenylacetate",7071.02325581395,3
"2-(2,6-dihydroxy-3,4-dimethoxycyclohexylidene)acetonitrile",11800.3255813953,6
"2-nonenoylglycine",16952.6279069767,7
"2-hydroxy-3-(2,4,5-trihydroxyphenyl)propanoicacid",48590.4418604651,9
"5-Hexyltetrahydro-2-oxo-3-furancarboxylicacid",13406.9069767442,7
"3-Oxododecanoicacid",13523.7209302326,7
"C13:0",36208.2790697674,9
"N-Nonanoylglycine",6719.90697674419,3
"2-C-Methyl-D-erythritol4-phosphate",23756.7209302326,8
"cis-(Homo)3-aconitate",18505.2558139535,8
"Undecanedioicacid",13255.8139534884,6
"3-Hydroxydodecanoicacid",10642.8372093023,5
"Liqcoumarin",31654.2093023256,9
"Triacetin",15517.4186046512,7
"3-Hydroxysebacicacid",17321.1395348837,7
"C14:5",14156.3488372093,7
"Nookatone",6068.41860465116,2
"Pantothenicacid; Cis-zeatin",9476.90697674419,5
"2-(2-Thienylmethylene)-1,6-dioxaspiro[4.4]non-3-ene",17706.0465116279,7
"Eugenitin",16920.7906976744,7
"2,4-Diamino-6,7-dimethoxyquinazoline",8913.93023255814,5
"1-(5-Acetyl-2-hydroxyphenyl)-3-methyl-1-butanone",16597.0930232558,7
"2,6-Di-tert-butylbenzoquinone",7187.97674418605,3
"Nootkatol",37219.023255814,9
"N-lactoyl-Methionine",6558.79069767442,3
"S-(2,5-Dimethyl-3-furanyl)2-furancarbothioate",12078.6511627907,6
"L-Cystathionine; Flavone",12536.4418604651,6
"Monoisobutylphthalicacid",30737.6046511628,9
"AnnuiononeB",28335.6976744186,9
"Rishitin",30097.6046511628,9
"4-(2-Amino-3-hydroxyphenyl)-2,4-dioxobutanoicacid",8105.79069767442,4
"N-Acetyl-L-tyrosine",12650.8139534884,6
"Dihydrodioscorine",6480.76744186046,3
"Epoxyeremopetasinorol",272929.186046512,10
"Aciclovir",160875.488372093,10
"Carnosine",42944.9302325581,9
"Metyrapone",51195.488372093,9
"Allixin",42831.6976744186,9
"Methyldihydrojasmonate",18845.6279069767,8
"1,8-Diazacyclotetradecane-2,9-dione",15639.2325581395,7
"C14:1",23890.7906976744,8
"Pentadecanal",15146.2790697674,7
"Deoxycytidine",10454.488372093,5
"UrolithinA",74774.9302325581,10
"Deoxyuridine",15767.1395348837,7
"Propylpropanethiosulfonate",15937.0465116279,7
"11-Hydroxy-9-tridecenoicacid",22578.3023255814,8
"C14:0",445171.604651163,10
"N-Decanoylglycine",10816.1162790698,6
"Naproxen",17449.2558139535,7
"(1xi,3xi)-1,2,3,4-Tetrahydro-1-methyl-beta-carboline-3-carboxylicacid",7545.02325581395,3
"Hydroxyprolyl-Valine",18748.8139534884,8
"Dodecanedioicacid",21325.7209302326,8
"Isoleucyl-Valine",10813.7441860465,6
"3-[[5-Methyl-2-(1-methylethyl)cyclohexyl]oxy]-1,2-propanediol",7957.44186046512,4
"Paracetamolsulfate",7530.74418604651,3
"CNQX",138206.372093023,10
"4-Hydroxy-8-methoxy-2H-furo[2,3-h]-1-benzopyran-2-one",29501.7441860465,9
"(2E,11Z)-5-[5-(Methylthio)-4-penten-2-ynyl]-2-furanacrolein",18036.9534883721,7
"Glycerol1-propanoatediacetate",10845.6744186047,6
"N2-Succinyl-L-ornithine",9725.39534883721,5
"Spermicacid2",6724.11627906977,3
"Chinomethionat",19726.6744186047,8
"4-[2,2-Bithiophen-5-yl]-3-butyn-1-ol",313827.046511628,10
"2-Hydroxybiphenyl-2-sulfinate",46666.2558139535,9
"1-Isopropylcitrate",10210.8372093023,5
"(S)-2,3-Dihydro-6-hydroxy-5-(hydroxyacetyl)-2-isopropenylbenzofuran",13326.0930232558,6
"Valerenicacid",46052.0930232558,9
"Lidocaine",7338.18604651163,3
"2-Carboxy-2-hydroxy-8-carboxychromene",10842.4418604651,6
"Dillapional",13946.023255814,7
"Ethylvanillinisobutyrate",25557.511627907,8
"Heptyl4-hydroxybenzoate",130558.418604651,10
"Capsidiol",21669.2790697674,8
"N-Benzoylasparticacid",6672.76744186046,3
"Benzoylmalicacid",13030.7441860465,6
"3,4,5-Trimethoxycinnamicacid",18431.5581395349,8
"Felbamate",7420.25581395349,3
"2,2,4,4,-Tetramethyl-6-(1-oxopropyl)-1,3,5-cyclohexanetrione",16170.4186046512,7
"Pirimicarb",8502.90697674419,4
"Geranylacetoacetate",9270.90697674419,5
"Geranyl3-methylbutanoate",5803.76744186046,2
"3-Methylcyclopentadecanone",6529.51162790698,3
"Propyl1-(propylsulfinyl)propyldisulfide",14241420.5813953,10
"C15:1",51861.488372093,9
"Inositolcyclicphosphate",15698.5348837209,7
"Thymidine",303895.813953488,10
"C15:0",373374.465116279,10
"2-{[hydroxy(2,3,4,5-tetrahydroxyphenyl)methylidene]amino}aceticacid",31963.5581395349,9
"Cytidine",89649.7906976744,10
"N-Undecanoylglycine",56774.7906976744,9
"4-phenylbutanicacid-O-sulphate",320282.255813953,10
"Uridine",243247.953488372,10
"Glutamylproline",26251.5813953488,8
"Polyethylene,oxidized",24225.7906976744,8
"Hydroxyprolyl-Isoleucine",11777.4418604651,6
"1,11-Undecanedicarboxylicacid",14238.8139534884,7
"2-Hydroxymyristicacid",12683.7674418605,6
"Debromohymenialdisine",10084.1162790698,5
"Asparaginyl-Hydroxyproline",7697.06976744186,4
"Dimethylallylpyrophosphate",74527.6976744186,10
"Glycerophosphoglycerol",33136.2325581395,9
"Marmesin",12722.1395348837,6
"D-Octopine",5269.86046511628,2
"3-Hydroxydodecanedioicacid",9137.95348837209,5
"alpha-Amylcinnamylacetate",7077.76744186046,3
"2-Hydroxyacetaminophensulfate",8410.11627906977,4
"Cyclic2,3-bisphospho-D-glycerate",64895.8372093023,10
"CoriandroneE",15604.2558139535,7
"(+)-cis-5,6-Dihydro-5-hydroxy-4-methoxy-6-(2-phenylethyl)-2H-pyran-2-one",18982.488372093,8
"Prenylglucoside",8262.41860465116,4
"(S)-PterosinA",17853.3255813953,7
"C16:4",19655.0697674419,8
"5-Methoxycanthin-6-one",15317.4651162791,7
"Samin",18143.6046511628,8
"Ubiquinone-1",16028.5348837209,7
"C16:3",59243.7906976744,10
"(Z)-9-Cycloheptadecen-1-one",7248.62790697674,3
"Muramicacid",7652.6511627907,4
"Furmecyclox",13809.3953488372,7
"Orellanine",15068.8837209302,7
"MorindaparvinA",12252.0697674419,6
"2-O-(Z-p-Hydroxycinnamoyl)-(x)-glycericacid",13896.0930232558,7
"Deoxyinosine",10482.6744186047,5
"1-(2,4,6-Trimethoxyphenyl)-1,3-butanedione",14536.023255814,7
"2,3-Butanediolglucoside",8315.90697674419,4
"2,2,4,4-Tetramethyl-6-(1-oxobutyl)-1,3,5-cyclohexanetrione",12344.9534883721,6
"1-Hydroxyepiacorone",9952.04651162791,5
"C16:2",7597.41860465116,4
"L-Threoneopterin",5084.60465116279,2
"N-Acetylvanilalanine",5763,2
"3,4-dihydroxy-5-(sulfooxy)cyclohex-1-ene-1-carboxylicacid; Nifurthiazole",8123.67441860465,4
"Daidzein",7591.53488372093,4
"3-(6,7-dimethoxy-2H-1,3-benzodioxol-5-yl)-3-hydroxypropanal",18083.0697674419,7
"Galactosylglycerol",14221.3023255814,7
"Methyl3-(2,3-dihydroxy-3-methylbutyl)-4-hydroxybenzoate",10432.7906976744,5
"Homoanserine",4456.3023255814,2
"Lubiminol",9143.23255813953,5
"18-Nor-4(19),8,11,13-abietatetraene",4383.46511627907,2
"Hypogeicacid",105688.511627907,10
"N-D-Glucosylarylamine",5471.37209302326,2
"Palmiticamide",10869.3488372093,6
"Ascorbicacid-2-sulfate",12004.6744186047,6
"L-Ascorbate6-phosphate",8108.51162790698,4
"(3-methyl-2-oxo-4-phenylbut-3-en-1-yl)oxy]sulfonicacid",6151.27906976744,2
"(2R,3S)-Piscidicacid",9404.02325581395,5
"Dihydrodaidzein",13557.1627906977,7
"N-Acetoxy-IQ",14308.6976744186,7
"XenognosinA",11915.7674418605,6
"Ipomeatetrahydrofuran",28342.2325581395,9
"C16:0",7220424.51162791,10
"2-Hexenoylcarnitine",7172,3
"6-Phosphonoglucono-D-lactone",7060.76744186046,3
"O-Desmethylangolensin",15349.8837209302,7
"1,1-(Tetrahydro-6a-hydroxy-2,3a,5-trimethylfuro[2,3-d]-1,3-dioxole-2,5-diyl)bis-ethanone; sn-Glycero-3-phosphocholine",10947.3488372093,6
"gamma-L-Glutamyl-L-pipecolicacid",7963.09302325581,4
"Linalylbenzoate",6281.97674418605,3
"Tetradecanedioicacid",16392.4186046512,7
"10-Hydroxymyristicacidmethylester",8279.86046511628,4
"p-Nitrophenyl-O-ethylethylphosphonate",26845.976744186,9
"HexoseP; Oxydeprofos",8851.16279069767,4
"Celerin",10949.3023255814,6
"Glyceroltripropanoate",9303.62790697674,5
"gamma-Glutamylisoleucine",8139.37209302326,4
"Ropinirole",19372.1162790698,8
"L-beta-aspartyl-L-glutamicacid",16978.488372093,7
"5,6-Dihydro-4-methoxy-6-[2-(4-methoxyphenyl)ethyl]-2H-pyran-2-one",9386.6976744186,5
"Phaseolicacid",6019.51162790698,2
"2,4-bis(3-methylbut-2-en-1-yl)benzene-1,3,5-triol",8475.90697674419,4
"3-Hydroxy-4-butanolide",7303.6511627907,3
"2-(6-Methylthio)hexylmalicacid",19901.511627907,8
"Acetyl-N-formyl-5-methoxykynurenamine",7236.23255813954,3
"Cinnamylcinnamate",6799.72093023256,3
"IlicifolinosideA",5691.46511627907,2
"gamma-CEHC",11838.5348837209,6
"12-Oxo-2,3-dinor-10,15-phytodienoicacid",12548.3023255814,6
"Dinex",7552.09302325581,3
"3,4,5-Trimethoxycinnamylalcoholacetate",3144797.88372093,10
"Methyl2E,4Z-hexadecadienoate",8580.79069767442,4
"9-Octadecenal",9631.25581395349,5
"Adenosine",5256.13953488372,2
"DL-Homocystine",40150.6279069767,9
"Inosine",15673.6046511628,7
"Eugenylbenzoate",9787.93023255814,5
"Lysergicacid; 3,4,5-Trimethoxycinnamylalcoholacetate",70272.9534883721,10
"Cyclohexaneundecanoicacid",39460.1162790698,9
"Stearaldehyde",4813.23255813954,2
"Chymopapain",86929,10
"3-(Cystein-S-yl)acetaminophen; 10-Oxabenzo[def]chrysen-9-one",8504.79069767442,4
"D-Lombricine",12216.023255814,6
"Cadusafos; 3,5-Dimethoxy-2,7-phenanthrenediol",8851.04651162791,4
"4-tert-Butylphenylsalicylate",23633.9534883721,8
"Ethylenebrassylate",8636.62790697674,4
"3-Oxohexadecanoicacid",36749.3953488372,9
"ar-Artemisene",4455.86046511628,2
"Heptadecanoicacid",244990.627906977,10
"3,5-Dinitro-L-tyrosine",12558.7674418605,6
"Naringenin",10740.5348837209,5
"Arbutin",13887.8372093023,7
"(S)-VerimolF",10141.511627907,5
"7(14)-Bisabolene-2,3,10,11-tetrol",8489.88372093023,4
"16-Hydroxyhexadecanoicacid",64254.7906976744,10
"BR-XanthoneB",12184.0465116279,6
"Dikegulac",7531.16279069767,3
"3-(1,1-Dimethyl-2-propenyl)-7,8-dimethoxy-2H-1-benzopyran-2-one",9200.93023255814,5
"3-Hydroxytetradecanedioicacid",7252.46511627907,3
"Norophthalmicacid",6571.86046511628,3
"6-Phosphogluconate",18497.5348837209,8
"Ascochitine",11401.7906976744,6
"Triethylcitrate",8264.62790697674,4
"Cyclandelate",22547.7906976744,8
"5a-Androstan-3b-ol",5865.72093023256,2
"Dinorcapsaicin",6395.86046511628,3
"8-(1,2-dihydroxypropan-2-yl)-9-hydroxy-2H,8H,9H-furo[2,3-h]chromen-2-one",25468.4186046512,8
"11-Hydroxy-12-methoxydihydrokawain",12583.4651162791,6
"alpha-CEHC",21782.3488372093,8
"Alpha-Linolenicacid",126091.395348837,10
"2-Pentadecylfuran",19268.6976744186,8
"Linoleamide",8297.09302325581,4
"Sulfametopyrazine",5731.39534883721,2
"Gravolenicacid",12385.3023255814,6
"ArtabsinolideA; Hydroxystilbamidine",14585.3023255814,7
"7-(4-Hydroxyphenyl)-1-phenyl-4-hepten-3-one",9549.27906976744,5
"C18:2",1007545.51162791,10
"1-Methyladenosine",4546.3488372093,2
"Oleamide",24869.0697674419,8
"Bikojicacid",21699.4418604651,8
"3-O-Methylcoumestrol",11138.8837209302,6
"12-Hydroxynevirapine",31842.3488372093,9
"Miltirone",26265,8
"LactapiperanolC",17292.6976744186,7
"VitaminA2aldehyde",14539.7209302326,7
"6-Oxabicyclo[3.1.0]hexane-2-undecanoicacidmethylester",15619.6279069767,7
"Guanosine",9608.13953488372,5
"BrevianamideF",8747.11627906977,4
"alpha-Hydroxymetoprolol",11142,6
"Faropenemsodium",8398.41860465116,4
"Xanthosine",11478.9069767442,6
"Avocadyne",18745.3488372093,8
"C18:0",8574979.25581395,10
"Luteolin",11351.8139534884,6
"3-Methoxyfukiicacid",24321.9534883721,8
"{[1-(4-methoxyphenyl)-4-methylpent-1-en-3-yl]oxy}sulfonicacid",55633.1627906977,9
"Salicin; 1-radyl-2-acyl-sn-glycero-3-phosphocholine",13780.3488372093,7
"4-Hydroxy-5,7-dimethoxyflavan",44286.6046511628,9
"Androstenedione",8871.86046511628,4
"Avocadene",14475.0697674419,7
"N-Acetyl-ala-ala-ala-methylester",8170.55813953488,4
"Phlorin",18611.8139534884,8
"Difenpiramide",10702.4418604651,5
"6-Hydroxypentadecanedioicacid",10784.1627906977,6
"Dehydroepiandrosterone",8568.81395348837,4
"Dianthramine",12257.0930232558,6
"Bis(2-methyl-3-furanyl)tetrasulfide",72711.8372093023,10
"1-Octen-3-ylglucoside",9463,5
"Androsterone",9519,5
"(3S,6E,10E)-1,6,10,14-Phytatetraen-3-ol",6207.55813953488,2
"Lycoricidine",15568.9534883721,7
"Prontosil",13079.3255813953,6
"2,7-Anhydro-alpha-N-acetylneuraminicacid",10607.2093023256,5
"alpha-D-Ribose1,2-cyclicphosphate5-phosphate",4984.79069767442,2
"5-(3-Hydroxy-4-acetoxybut-1-ynyl)-2,2-bithiophene",8391.6976744186,4
"EdeticAcid",22810.7906976744,8
"Pantoyllactoneglucoside",8698.86046511628,4
"11,12-Dimethoxydihydrokawain; SB206553",12932.8372093023,6
"(+)-2,7-Dideoxypancratistatin",8948.6976744186,5
"CyclocalopinF",10112.6279069767,5
"(E)-1-[4-Hydroxy-3-(3-methyl-1,3-butadienyl)phenyl]-2-(3,5-dihydroxyphenyl)ethylene",12378.9069767442,6
"Tocopheronicacid",13544.4186046512,7
"SodiumTetradecylSulfate",99672.8837209302,10
"13-OxoODE",58662.6046511628,10
"C19:2",7062.95348837209,3
"Caffeoylmalicacid",7433.3023255814,3
"Gyrocyanin",7225.55813953488,3
"5,5,6,6-Tetrahydroxy-3,3-biindolyl",5819.06976744186,2
"6-(3-ethenylphenoxy)-3,4,5-trihydroxyoxane-2-carboxylicacid",10576.4651162791,5
"DHAP(8:0); Demethoxyegonol",7502.60465116279,3
"5-[(4-Hydroxypheny)ethenyl]-2-(3-methyl-1-butenyl)-1,3-benzenediol",8978.74418604651,5
"TanacetolB",11468.7441860465,6
"13S-hydroxyoctadecadienoicacid",66475.7441860465,10
"10Z-Nonadecenoicacid",20964.7209302326,8
"PalmitoleoylEthanolamide",8267.95348837209,4
"1-Pyrenylsulfate",9528.27906976744,5
"Quinalphos",2608972.04651163,10
"7C-aglycone",33774.023255814,9
"ToxinT2tetrol",23557.7441860465,8
"Minaprine",57262.4186046512,9
"Plakorticacid",12139.9534883721,6
"3-Oxooctadecanoicacid",317246.511627907,10
"C19:0",50678.8372093023,9
"Codeine",8544.95348837209,4
"Sphingosine",10252.0465116279,5
"5-Nitro-2-(3-phenylpropylamino)benzoicacid",13555.976744186,7
"MyrigaloneE",15479.5348837209,7
"2-Methoxyestrone",10089.1627906977,5
"all-trans-Retinoicacid",24947.6976744186,8
"Allylestrenol",9062.02325581395,5
"(R)-3-Hydroxy-Octadecanoicacid",1272613.58139535,10
"Nocodazole",96552.9069767442,10
"(Ac)2-L-Lys-D-Ala",6385.46511627907,3
"Dobutamine",6094.13953488372,2
"Hesperetin",20497.023255814,8
"Arginyl-Glutamine",108976.558139535,10
"Eicosapentaenoicacid",32833.6744186046,9
"Cardanolmonoene",9762.44186046512,5
"5-(3,4,5-Trihydroxyphenyl)-gamma-valerolactone-3-O-sulphate",85122.5348837209,10
"3-O-methyl-(-)-epicatechin",14220.4651162791,7
"2-Polyprenyl-3-methyl-5-hydroxy-6-methoxy-1,4-benzoquinone",19598.6976744186,8
"3a,16b-Dihydroxyandrostenone",16676.8837209302,7
"Arachidonicacid",38907.6046511628,9
"Cytidine2,3-cyclicphosphate",7084.55813953488,3
"Starchacetate",12718.0465116279,6
"Lupinate",10418.5813953488,5
"8,11,14-Eicosatrienoicacid",104699.418604651,10
"dCMP",8001.3023255814,4
"2-cyano-3-(3,4-dihydroxy-5-nitrophenyl)-N,N-diethylpropanamide",11119.0697674419,6
"N-Acetylanonaine",8080.86046511628,4
"5-Amino-2,3-dihydro-6-(3-hydroxy-4-methoxy-1-oxobutyl)-2,2-dimethyl-4H-1-benzopyran-4-one",6361.11627906977,3
"dUMP",32405.023255814,9
"4R,5R,6S-Trihydroxy-2-hydroxymethyl-2-cyclohexen-1-one6-(2-hydroxy-6-methylbenzoate)",19943,8
"Warfarin",16179.0465116279,7
"1,2,3-Tris(1-ethoxyethoxy)propane",101213.418604651,10
"Eicosadienoicacid",34999.3953488372,9
"N-Hexadecanoylpyrrolidine",9570.46511627907,5
"De-O-methylsterigmatocystin",257449.302325581,10
"AcromelicacidA",17269.488372093,7
"12(13)Ep-9-KODE",16520.2325581395,7
"(R)-2-Hydroxysterculicacid",8592.3023255814,4
"C20:1",64337.4651162791,10
"1,7-Dimethylguanosine",5047.72093023256,2
"Caftaricacid",22490.5813953488,8
"Galactose-beta-1,4-xylose",154106.23255814,10
"4-(3-Methyl-1-butenyl)-3,3,4,5-tetrahydroxystilbene",15678.7674418605,7
"N-Undecylbenzenesulfonicacid",206676.139534884,10
"16-Dehydroprogesterone",14093.2093023256,7
"13-L-Hydroperoxylinoleicacid",28163.6511627907,9
"3D,7D,11D-Phytanicacid",186860.76744186,10
"Palmitoylglycine",4574.53488372093,2
"Rofecoxib",17331.3023255814,7
"RhazidigenineNb-oxide",12979.2093023256,6
"Progesterone",16988.6279069767,7
"Octadecanedioicacid",34465.3488372093,9
"3-hydroxypristanicacid",13684.1395348837,7
"Rosinidin",1148846.11627907,10
"Isopulegonecaffeate",9668.23255813953,5
"Nerylglucoside",8916.62790697674,5
"2-Methoxyestradiol-3-methylether",11447.3953488372,6
"C21:5",5866.62790697674,2
"MG(0:0/15:0/0:0)",34267.023255814,9
"1,2,4-Nonadecanetriol",5070.44186046512,2
"4,7-Di-O-methylcatechin",20543.7209302326,8
"Ubiquinone-2",7782.86046511628,4
"LeukotrieneA4",18345.9069767442,8
"Allopregnanolone",6261.02325581395,3
"QH2",37414.6046511628,9
"C21:3",42031.3023255814,9
"Arginyl-Phenylalanine",8333.55813953488,4
"Butyl(S)-3-hydroxybutyrateglucoside",9556.55813953488,5
"CMP",73835.0465116279,10
"Linoleoylethanolamide",6125.83720930233,2
"UMP",383047.76744186,10
"Bis-D-fructose2,1:2,1-dianhydride",15900.0930232558,7
"3,4,5-trihydroxy-6-{[(2E)-2-methyl-3-phenylprop-2-en-1-yl]oxy}oxane-2-carboxylicacid",9119.95348837209,5
"Piperonylsulfoxide",11532.0465116279,6
"13,14-dihydroxy-9-oxo-8,17-dioxatetracyclo[8.7.0.0²,⁷.0¹¹,¹⁶]heptadeca-1(10),2(7),3,5,11(16),12,14-heptaen-5-ylacetate",74508.8604651163,10
"Dihydrosterigmatocystin",8836.6511627907,4
"1,5-Dihydroxy-3-methoxy-2-prenylxanthone",9499.48837209302,5
"2-Dodecylbenzenesulfonicacid",209650.860465116,10
"1-Acetoxy-2-hydroxy-16-heptadecen-4-one",7488.72093023256,3
"Homophytanicacid",12728.1395348837,6
"2,3-EpoxyaflatoxinB1",9216.3023255814,5
"Zapotinin",13210.8837209302,6
"Acutilobin",8318.60465116279,4
"5-Hydroxy-7-(4-hydroxy-3-methoxyphenyl)-1-phenyl-3-heptanone",18809.2093023256,8
"Labetalol",8855.06976744186,4
"CorchorifattyacidF",11767.511627907,6
"C22:6",12843.0465116279,6
"Polyoxyethylene40monostearate",7113.90697674419,3
"Blighinone",5116.72093023256,2
"3,7-Dimethylquercetin",5994.27906976744,2
"AflatoxinB1dialcohol",21258.7674418605,8
"GibberellinA105",8285.53488372093,4
"Carnosol",8930.11627906977,5
"Deoxycorticosterone",6848.6511627907,3
"9,12,13-TriHOME",13437.8372093023,7
"C22:5",16636.4418604651,7
"5-O-Desmethylomeprazole",9946.20930232558,5
"Nizatidine",6365.60465116279,3
"6-Galloylglucose",7090.37209302326,3
"3,3-Dihydroxy-4,5,7-trimethoxyflavan",16717.1395348837,7
"(R)-Marmin",7655.13953488372,4
"UnshuosideA",4955.60465116279,2
"Carnosicacid",17924.8372093023,7
"16-a-Hydroxypregnenolone",6243.02325581395,3
"9,10,13-Trihydroxystearicacid",6327.3488372093,3
"C22:4",16482.2558139535,7
"Nicotinamideribotide",357370.88372093,10
"CapparilosideA",8602.13953488372,4
"1,5-Dibutylmethylhydroxycitrate",5715,2
"3-(2-Methylpropanoyloxy)-8-(2-methylbutanoyloxy)-9,10-epoxy-p-mentha-1,3,5-triene",7639.90697674419,4
"15-Keto-13,14-dihydroprostaglandinA2",14820.023255814,7
"Tetrahydrodeoxycorticosterone",10060.8139534884,5
"Docosatrienoicacid",9013.62790697674,5
"Pipericine",8012.18604651163,4
"3-hydroxy-2-(3-methoxyphenyl)-5-sulfino-3,4-dihydro-2H-1-benzopyran-7-olate",39372.9069767442,9
"3-Caffeoyl-1,5-quinolactone",10745.9069767442,6
"Berberine",15668.488372093,7
"IstamycinKL1",7457.72093023256,3
"LeukotrieneB4",12732.976744186,6
"Docosadienoate(22:2n6)",7888.39534883721,4
"Famotidine",12431.8139534884,6
"VersicolorinA; Cefacetrilesodium",12492.5348837209,6
"AICAR; 2-O-Acetyl-trans-coutaricacid",10744.5813953488,5
"3-O-p-Coumaroylquinicacid",7417.6511627907,3
"Otobanone",30262.8372093023,9
"15-Acetyl-4-deoxynivalenol",8409.51162790698,4
"Lisuride",13177.0465116279,6
"Erucicacid",18788.9534883721,8
"7-Hydroxygliclazide",9366.93023255814,5
"{[4-(7-methoxy-2-oxo-2H-chromen-6-yl)-2-oxobut-3-en-1-yl]oxy}sulfonicacid",12755.8837209302,6
"Dihydro-O-methylsterigmatocystin; S-[2-(N7-Guanyl)ethyl]-N-acetyl-L-cysteine",12733.5813953488,6
"3alpha-Hydroxy-3,5-dihydromonacolinLacid",15088.6511627907,7
"Plastoquinone3",14947.1627906977,7
"Polyoxyethylene(600)monoricinoleate",6798.20930232558,3
"C22:0",50594.7674418605,9
"Disaccharide",19796.4418604651,8
"Guggulsterone",26174.3023255814,8
"13-Hydroxy-9-methoxy-10-oxo-11-octadecenoicacid",8575.37209302326,4
"Bluensidine6-phosphate; Theogallin",14301.2325581395,7
"Eupatilin",13952.3953488372,7
"Domesticoside",7821.23255813954,4
"Dehydrocyanaropicrin",8990.16279069767,5
"Maltitol",7509.97674418605,3
"2-{4-[(1E)-1,2-diphenylbut-1-en-1-yl]phenoxy}ethan-1-ol",8918.93023255814,5
"Medroxyprogesterone",47108.8837209302,9
"1-Phenyl-1,3-heptadecanedione",8967.74418604651,5
"cGMP",10832.8372093023,6
"Limocitrin",12997.7441860465,6
"Nifedipine",7169.39534883721,3
"9-(3,4-Dimethoxyphenyl)-2-methoxy-1H-phenalen-1-one",7190.76744186046,3
"GibberellinA3",7421.95348837209,3
"(1R,3S,4S,6R)-6,9-Dihydroxyfenchone6-O-b-D-glucoside",5208.20930232558,2
"GibberellinA113",8367.20930232558,4
"Sorbitanlaurate",10027.8837209302,5
"Methyl-[10]-shogaol",31051.2325581395,9
"3-Hydroxy-1-phenyl-1-heptadecanone",4879.3023255814,2
"AMP",13541.1627906977,7
"IMP; 2-(2,5-dihydroxy-4-methoxyphenyl)-3,5,6,7-tetrahydroxy-4H-chromen-4-one",33763.4418604651,9
"alpha-(1,2-Dihydroxyethyl)-1,2,3,4-tetrahydro-7-hydroxy-9-methoxy-3,4-dioxocyclopenta[c][1]benzopyran-6-acetaldehyde",9926.32558139535,5
"1-(2,4,6-trihydroxyphenyl)-3-(3,4,5-trimethoxyphenyl)propan-1-one",9342.60465116279,5
"GibberellinA60",7969.86046511628,4
"3b,15b,17a-Trihydroxy-pregnenone",7735.55813953488,4
"3-Feruloyl-1,5-quinolactone",12338.2325581395,6
"Estronesulfate",7315.46511627907,3
"Calonectrin",8884.88372093023,4
"8-iso-15-keto-PGE2",13390.488372093,6
"Tetrahydrocorticosterone",7625.55813953488,4
"3,4-Dimethyl-5-pentyl-2-furanundecanoicacid",14090.1860465116,7
"Chlorogenoquinone; DecarbamoylgonyautoxinIII",6613.27906976744,3
"ParvisoflavoneA",8800.02325581395,4
"6-[(2,2-dimethyl-2H-chromen-5-yl)oxy]-3,4,5-trihydroxyoxane-2-carboxylicacid",6988.67441860465,3
"4]-Gingerdiol3,5-diacetate",7765.3488372093,4
"ProstaglandinE2",10462.3023255814,5
"MG(0:0/18:3(6Z,9Z,12Z)/0:0)",4588.3488372093,2
"4-Hydroxybenzylisothiocyanate4-acetylrhamnoside",5227.55813953488,2
"Cyclovariegatin",13833.511627907,7
"2-O-p-Coumaroylhydroxycitricacid",7617.44186046512,4
"Biflorin",6527.72093023256,3
"Artocarpesin",6895.23255813954,3
"1-Methoxyphaseollidin",9330.51162790698,5
"Isopropylapiosylglucoside",8045,4
"Propofolglucuronide",6338.16279069767,3
"MG(0:0/18:2(9Z,12Z)/0:0)",4461.79069767442,2
"22-Oxo-docosanoate",6721.44186046512,3
"C23:0",13504.9302325581,7
"2-Amino-7,8-dihydro-4-hydroxy-6-(diphosphooxymethyl)pteridine",17156.488372093,7
"Dihydrohydroxy-O-methylsterigmatocystin",6249.04651162791,3
"1-O-Feruloylglucose",6259.88372093023,3
"xi-3-Hydroxy-5-phenylpentanoicacidO-beta-D-Glucopyranoside",6832.16279069767,3
"5,7-Megastigmadien-9-olglucoside",25715.511627907,8
"ProstaglandinF1a",7638.13953488372,4
"C24:6",16639.511627907,7
"MG(0:0/18:1(11Z)/0:0)",7710.13953488372,4
"2(R)-hydroxydocosanoicacid",9369.83720930233,5
"6,11-dihydroxy-3-(hydroxymethyl)-7-(3,4,5-trihydroxyphenyl)-2λ⁴,8-dioxatricyclo[7.3.1.0⁵,¹³]trideca-1,3,5(13),6,9,11-hexaen-2-ylium",7599.93023255814,4
"Uplandicine",9460.55813953488,5
"5,4-Dihydroxy-3,3-dimethoxy-6:7-methylenedioxyflavone",9665.58139534884,5
"Chrysoobtusin",7136.83720930233,3
"MalabariconeC",42529.9302325581,9
"13,14-DihydroPGF-1a",7456.16279069767,3
"C24:5",49886.9534883721,9
"GibberellinA59",13230.5348837209,6
"1-(3,4-Dimethoxyphenyl)-1,2-ethanediol1-O-b-D-glucoside",11937.9069767442,6
"Quassinol; LepidineC",16012.4186046512,7
"Aldosterone",8776.53488372093,4
"2-(3,4-dihydroxy-5-methoxyphenyl)-3,5,7-trihydroxy-6-methoxy-4H-chromen-4-one",21865.2093023256,8
"GibberellinA93",30173,9
"Thyrotropinreleasinghormone",15138.7906976744,7
"19,20-DiHDPA",10753.0697674419,6
"C24:3",7798.11627906977,4
"GMP",7704,4
"9-Aminocamptothecin",17379.9069767442,7
"Xanthylicacid",13664.9302325581,7
"Sulfometuronmethyl",228871.88372093,10
"12-Oxo-20-carboxy-leukotrieneB4",9443.3023255814,5
"6-O-Acetylaustroinulin",4692.6976744186,2
"Amoxicillin",7807.39534883721,4
"{6-hydroxy-3-[3-(3-hydroxyphenyl)-3-oxoprop-1-en-1-yl]-2-methoxyphenyl}oxidanesulfonicacid",7881.74418604651,4
"20-Carboxy-leukotrieneB4",9637.88372093023,5
"C24:1",9714.55813953488,5
"Curcumin",28204.488372093,9
"Dehydroepiandrosteronesulfate",6741.58139534884,3
"Propantheline",9035.3488372093,5
"Octadecylfumarate",5024.72093023256,2
"C24:0",23043.8139534884,8
"Epanolol",5015.44186046512,2
"(-)-Epicatechinsulfate",5882.39534883721,2
"3,4,5-trihydroxy-6-{[1-(4-methoxyphenyl)pentan-3-yl]oxy}oxane-2-carboxylicacid",6120.60465116279,2
"Androsteronesulfate",7553.11627906977,4
"5-Megastigmen-7-yne-3,9-diol9-glucoside",5677.76744186046,2
"Octaethyleneglycol",7490.32558139535,3
"6-Keto-prostaglandinF1a",5639.11627906977,2
"3-Oxo-4,6-choladienoicacid",5922.23255813954,2
"Diethylhexyladipate",9453.13953488372,5
"Brevifolincarboxylicacid9-sulfate",5802.04651162791,2
"Gomphidicacid",5847.16279069767,2
"Tangeritin",9163.60465116279,5
"ClavamycinF",63403.5813953488,10
"Isomammein",9339.32558139535,5
"BlumenolCglucoside",5195.25581395349,2
"8,8a-Deoxyoleandolide",7003.74418604651,3
"Cervonoylethanolamide",12041.0697674419,6
"DG(8:0/10:0/0:0)",4645.02325581395,2
"(-)-Wikstromol",8426.58139534884,4
"Deoxyloganin",11240.4186046512,6
"6-Epi-7-isocucurbicacidglucoside",6417.23255813954,3
"3b-Hydroxy-5-cholenoicacid",84702.9069767442,10
"5-(14-Nonadecenyl)-1,3-benzenediol",7193.53488372093,3
"Adrenoylethanolamide",6783.18604651163,3
"2-(3,4-dimethoxyphenyl)-5,7-dihydroxy-6,8-dimethoxy-3,4-dihydro-2H-1-benzopyran-4-one",10661.7441860465,5
"Riboflavin",8210.20930232558,4
"Allolithocholicacid",742389.418604651,10
"7-Methylguanosine5-phosphate",36059.0697674419,9
"2-Arachidonylglycerol",14032.0465116279,7
"Chondroitin",13563.1860465116,7
"C25:0",18811.3255813953,8
"EleutherosideB1",8390.44186046512,4
"(+)-Zeylenol; S-Adenosylhomocysteine",8642.18604651163,4
"MG(0:0/20:1(11Z)/0:0)",9631.02325581395,5
"Cerebronicacid",12633.9534883721,6
"(7R)-7-(4-Carboxybutanamido)cephalosporanate",15148.023255814,7
"8-8-Dehydrodiferulicacid",8890.97674418605,4
"Edultin",8561.25581395349,4
"Porson",3223467.1627907,10
"dUDP",8499.16279069767,4
"Pyrantelpamoate",14036.4651162791,7
"3,4,5-trihydroxy-6-[2-hydroxy-4-(2-hydroxy-3-methoxy-3-oxopropyl)phenoxy]oxane-2-carboxylicacid",12841.7674418605,6
"5-Hydroxy-3,3,4,7,8-pentamethoxyflavone",9274.97674418605,5
"5a,6a-Epoxy-7E-megastigmene-3a,9e-diol3-glucoside",13251.4186046512,6
"CavipetinC",24750.3488372093,8
"Methyl2-(10-heptadecenyl)-6-hydroxybenzoate",5514.86046511628,2
"Alfuzosin",7435.51162790698,3
"SannamycinA; CavipetinC",11148,6
"6,7-Dimethoxy-7-epirosmanol",9211.48837209302,5
"12-Ketodeoxycholicacid",191445.976744186,10
"Linopirdine",6184.18604651163,2
"3b,12a-Dihydroxy-5a-cholanoicacid",780162.860465116,10
"3-Methyl-5-pentyl-2-furanpentadecanoicacid",41952.9534883721,9
"5-Butyrylphosphouridine",963411.790697674,10
"Brucine",11076.6046511628,6
"Stanolonebenzoate",162675.674418605,10
"(3beta,22E,24R)-Ergosta-4,6,8(14),22-tetraen-3-ol",9399.93023255814,5
"3-(3,5,7-trihydroxy-6-methoxy-4-oxo-4H-chromen-2-yl)phenyl]oxidanesulfonicacid",121249.744186047,10
"Aloesol7-glucoside",9464.32558139535,5
"Benazeprilat",9375.48837209302,5
"C26:0",12701.9302325581,6
"Simulansamide",7296.51162790698,3
"Phytosphingosine-1-P",6604.51162790698,3
"N-Feruloylglycyl-L-phenylalanine",6377.27906976744,3
"KanzonolM",24337.4651162791,8
"Lauroylperoxide",8814.74418604651,4
"2,6-dihydroxy-4-(3,5,7-trihydroxy-4-oxo-3,4-dihydro-2H-1-benzopyran-2-yl)phenyl]oxidanesulfonicacid",25407.9302325581,8
"CorchoionosideB",5627.46511627907,2
"CincassiolB",10109.488372093,5
"Z-Phe-Phe-CHN2",7777.02325581395,4
"3-hydroxy-5-sulfino-2-[3-(sulfooxy)phenyl]-3,4-dihydro-2H-1-benzopyran-7-olate",34334.0697674419,9
"ShoyuflavoneB",8544.06976744186,4
"5-Hydroxy-3,3,7,8-tetramethoxy-4,5-methylenedioxyflavone",11434.7906976744,6
"CDP",29624.3488372093,9
"UDP",48240.6744186046,9
"Sulfoxone",24918.4651162791,8
"Glyceryllactopalmitate",44045.2325581395,9
"Mammeigin",32657.4418604651,9
"15beta-Hydroxy-7alpha-mercapto-pregn-4-ene-3,20-dione7-acetate",22715.0930232558,8
"7a,12a-Dihydroxy-3-oxo-4-cholenoicacid",19581.2790697674,8
"MG(0:0/22:5(4Z,7Z,10Z,13Z,16Z)/0:0)",22920.5348837209,8
"Cephaloglycin",21941.3023255814,8
"Lisinopril",14996,7
"FortimicinA; 7a,12a-Dihydroxy-3-oxo-4-cholenoicacid",7608,4
"BakkenolideD",40986.2558139535,9
"Cholate",70904.1860465116,10
"3,4,5-trihydroxy-6-[2-hydroxy-1-(1-oxo-1H-isochromen-3-yl)butoxy]oxane-2-carboxylicacid",6691.11627906977,3
"Gamma-Tocotrienol",14167.6279069767,7
"MG(0:0/22:2(13Z,16Z)/0:0)",5282.88372093023,2
"C27:0",6732.97674418605,3
"5-(2,3-Dihydroxy-3-methylbutyl)-4-(3,4-epoxy-4-methylpentanoyl)-3,4-dihydroxy-2-isopentanoyl-2-cyclopenten-1-one",7016.86046511628,3
"GrayanotoxinI; LysoPC(10:0)",6202.44186046512,2
"MG(0:0/22:1(13Z)/0:0)",7830.25581395349,4
"2,6-dihydroxy-3-(3,5,6,7-tetrahydroxy-4-oxo-4H-chromen-2-yl)phenyl]oxidanesulfonicacid",8585.53488372093,4
"Futalosine",6210,2
"Eplerenone",12184.5348837209,6
"(4R,5S,7R,11x)-11,12-Dihydroxy-1(10)-spirovetiven-2-one12-glucoside",7482.23255813954,3
"O-Carbamoyl-deacetylcephalosporinC",33764.2790697674,9
"24,25-DihydroxyvitaminD",5716.13953488372,2
"Gamma-Tocopherol",11499.6046511628,6
"3-hydroxy-2-[4-hydroxy-3-(sulfooxy)phenyl]-5-sulfino-3,4-dihydro-2H-1-benzopyran-7-olate",12634.4186046512,6
"Liquiritin",6386.93023255814,3
"LirioresinolA",12864.5581395349,6
"11-Carboxy-alpha-chromanol",17957.7441860465,7
"7-a,25-Dihydroxycholesterol",32061.7209302326,9
"2,4,6-Trihydroxydihydrochalcone2-glucoside",15001.8837209302,7
"Armillane",9034.74418604651,5
"6-Ethylchenodeoxycholicacid",7342.3488372093,3
"5-b-Cholestane-3a,7a,12a-triol",7143.93023255814,3
"Rumexoside",19022.511627907,8
"2-Methylacetophenone",19274.1162790698,8
"C28:1",6761.76744186046,3
"2-amino-4-({2-[(1-carboxy-1-hydroxy-2-methylpropan-2-yl)sulfanyl]-1-[(carboxymethyl)-C-hydroxycarbonimidoyl]ethyl}-C-hydroxycarbonimidoyl)butanoicacid",6732.41860465116,3
"Oplophorusluciferin",14009.976744186,7
"GinkgolideJ",9993.13953488372,5
"6-Hydroxymelatoninglucuronide",22538.1860465116,8
"Pravastatin",5898.44186046512,2
"1b-Hydroxycholicacid",9705.48837209302,5
"C28:0",7601.58139534884,4
"Cinnzeylanine",11706.0930232558,6
"13-Hydroxy-gamma-tocotrienol",5466.79069767442,2
"ADP",6767.67441860465,3
"Taraxacolide1-O-b-D-glucopyranoside",8426.83720930233,4
"Irbesartan",8953.6511627907,5
"Cubebinone",9968.95348837209,5
"alpha-Tocopherol",10503.7906976744,5
"Trichocarposide",43094.6511627907,9
"Glucosyl(2E,6E,10x)-10,11-dihydroxy-2,6-farnesadienoate",9944.39534883721,5
"24-Hydroxycalcitriol",9331.06976744186,5
"13-Hydroxy-gamma-tocopherol",16801.8139534884,7
"DextrorphanO-glucuronide",11777.5813953488,6
"beta-Citraurol",7118.25581395349,3
"3alpha,7alpha-Dihydroxycoprostanicacid",13570.2093023256,7
"Valsartan",32706.488372093,9
"LysoPA(0:0/18:1(9Z))",4838.44186046512,2
"Varanicacid",9578.48837209302,5
"5a-Cholestane-3a,7a,12a,25-tetrol",6425.97674418605,3
"Riboflavincyclic-4,5-phosphate",9647.6976744186,5
"1-Hydroxy-3,6,7-trimethoxy-2,8-diprenylxanthone",28917.4651162791,9
"27-Nor-5b-cholestane-3a,7a,12a,24,25-pentol",6559.20930232558,3
"LysoPE(0:0/15:0)",38018.0697674419,9
"3-Hydroxy-HT2toxin",5948.27906976744,2
"13-Hydroxy-alpha-tocotrienol",4454.32558139535,2
"MG(0:0/24:1(15Z)/0:0)",8871.83720930233,4
"Ascorbicacid",5075.32558139535,2
"(3beta,5alpha,9alpha,22E,24R)-5,9-Epidioxy-3-hydroxyergosta-7,22-dien-6-one",4817.39534883721,2
"GDP",7262.51162790698,3
"6-[(3,3-dimethyloxiran-2-yl)methyl]-5-hydroxy-7-methoxy-2-(3,4,5-trimethoxyphenyl)-3,4-dihydro-2H-1-benzopyran-4-one",7985.37209302326,4
"Stearylcitrate",4945.39534883721,2
"3-beta-Hydroxy-4-beta-methyl-5-alpha-cholest-7-ene-4-alpha-carboxylate",6749.74418604651,3
"N-Oleoyltyrosine",5110.48837209302,2
"CDP-ethanolamine",7102.88372093023,3
"SR49498",8476.27906976744,4
"13-Carboxy-gamma-tocopherol",8725.06976744186,4
"13-Hydroxy-alpha-tocopherol",12527.488372093,6
"2-{3-[(6-carboxy-3,4,5-trihydroxyoxan-2-yl)oxy]phenyl}-3,5,7-trihydroxy-1λ⁴-chromen-1-ylium",156235.558139535,10
"Glutathionylaminopropylcadaverine",6780.6511627907,3
"PorrigeninA",10555.8139534884,5
"6-Deoxodolichosterone",10575.7906976744,5
"(3beta,5alpha,6beta,24R)-Stigmastane-3,5,6-triol",6761.53488372093,3
"N-Acetyl-leu-leu-tyr",6687.97674418605,3
"Deoxycholicacidglycineconjugate",6275.48837209302,3
"Coprocholicacid",27558.6046511628,9
"6-Deoxocastasterone",18085.1627906977,8
"4-Hydroxyvalsartan",13970.9534883721,7
"LysoPE(0:0/16:0)",40142.4651162791,9
"RhodojaponinIV",19976.3255813953,8
"27-Norcholestanehexol",18845.0465116279,8
"5,10-Methenyltetrahydrofolicacid",16683.6744186047,7
"Kurarinol",22137.7906976744,8
"Vindoline",9306.44186046512,5
"Sulfolithocholicacid",13286.6511627907,6
"CallystatinA",8132.3023255814,4
"Oleanolicacid",23593.8837209302,8
"Epigallocatechingallate",7832.09302325581,4
"Raltitrexed",13144.6976744186,6
"HydroxystrobilurinD",7392.13953488372,3
"(3beta,5alpha,9alpha,22E,24R)-3,5,9-Trihydroxy-23-methylergosta-7,22-dien-6-one",6379.6511627907,3
"(20S,24E)-20,26-Dihydroxy-24-dammaren-3-one",5971.72093023256,2
"Wistin",5451.74418604651,2
"(3beta,5alpha,9alpha,14alpha,22E,24R)-3,5,9,14-Tetrahydroxyergosta-7,22-dien-6-one",5937.37209302326,2
"all-trans-Carophyllyellow",13533.3023255814,7
"13-Carboxy-alpha-tocopherol",10066.8139534884,5
"1-(11Z,14Z-eicosadienoyl)-glycero-3-phosphate",7932.86046511628,4
"Dolichosterone",13463.6046511628,7
"6-Deoxohomodolichosterone",21666.1162790698,8
"Peonidin-3-glucoside",1075280.04651163,10
"Ecdysone",9550.76744186047,5
"Cholylglycine",4439.74418604651,2
"Cholesterolsulfate",149511.534883721,10
"TetraHCA",26112.7906976744,8
"VitaminK12,3-epoxide",15190.8372093023,7
"6alpha-Hydroxy-castasterone",8648.13953488372,4
"C31:0",6291.16279069767,3
"Tiropramide; Cholesterolsulfate",47584.1627906977,9
"dUTP",4458.44186046512,2
"Castamollissin",11099.3720930233,6
"3,17-Androstanediolglucuronide",5479.6511627907,2
"Scymnol",7478.72093023256,3
"Dimethylaminoethylreserpilinatedihydrochloride",5862.58139534884,2
"3-(3,5-dihydroxyphenyl)-2-(4-hydroxyphenyl)-4-[(E)-2-(4-hydroxyphenyl)ethenyl]-2,3-dihydro-1-benzofuran-5,6-diol",26301.0930232558,9
"Glycyrrhetinicacid",8243.32558139535,4
"Hydroxydesmthyldoxepinglucuronide",6880.88372093023,3
"Puromycin",18948.7441860465,8
"5-Formiminotetrahydrofolicacid",7042.95348837209,3
"Chenodeoxycholicacidsulfate",31507.7209302326,9
"Maslinicacid",11065.5813953488,6
"RobustaolA",12041.2325581395,6
"SoyasapogenolA",12068.0465116279,6
"Retinoylb-glucuronide",8404.90697674419,4
"Homodolichosterone",9884.83720930233,5
"Dolicholide",6127.48837209302,2
"Deterrolstearate",4799.53488372093,2
"LysoPE(0:0/18:1(11Z))",5644.6511627907,2
"Alangicine",6626.37209302326,3
"Brassinolide",8326.04651162791,4
"Pranlukast",39291.2093023256,9
"LysoPC(15:0)",7579.88372093023,4
"Silibinin",49536.1860465116,9
"DulciolC",8068.23255813954,4
"11-beta-Hydroxyandrosterone-3-glucuronide",5005.20930232558,2
"Adlupone",5719.6511627907,2
"GoshonosideF1; CeanothineD",5538.20930232558,2
"CDP-choline",5608.83720930233,2
"Terretonin",8120.53488372093,4
"7-Sulfocholicacid",36419.2325581395,9
"alpha-IonolO-[arabinosyl-(1->6)-glucoside",12787.9069767442,6
"PithedulosideI",8415.25581395349,4
"BarringtogenolC",7293.20930232558,3
"EpothiloneD",16619.5348837209,7
"Glutathionylspermine",46560.3023255814,9
"2-Deoxyinosinetriphosphate",10661.2790697674,5
"rac-5,6-Epoxy-retinoyl-beta-D-glucuronide",10460,5
"ErinacineP",19376.1162790698,8
"MK826",538158,10
"Microlenin",8098.32558139535,4
"7,11-Bisdeacetylvaltrate7-(3-methylpentanoate)11-(3-hydroxy-3-methylbutanoate)",7428.6976744186,3
"PA(8:0/13:0)",7965,4
"MakisteroneB",9018.25581395349,5
"18-Hydroxy-16-tritriacontanone",5555.6976744186,2
"25-Hydroxy-24-epi-brassinolide; 2-Palmitoylglycerophosphocholine",8063.32558139535,4
"Tauroursodeoxycholicacid",4727.81395348837,2
"2-[(3-{4-[(6-carboxy-3,4,5-trihydroxyoxan-2-yl)oxy]-3-methoxyphenyl}prop-2-enoyl)oxy]-3-hydroxybutanedioicacid",8416.39534883721,4
"Medicagenicacid",7245.62790697674,3
"Triose",5799.76744186046,2
"Crocin4",5553.13953488372,2
"Protobassicacid",6024.32558139535,2
"TheasapogenolA",5754.53488372093,2
"FasciculolC",7171.41860465116,3
"Propyleneglycolmono-anddiestersoffatsandfattyacids",6095.13953488372,2
"3,7,11,15,23-Pentaoxolanost-8-en-26-oicacid",13029.6279069767,6
"11a,12a-Epoxy-3b-hydroxy-28,13-oleananolide3-acetate",4531.02325581395,2
"PhoslactomycinB",5114.18604651163,2
"CapsianosideV",5635.27906976744,2
"AustalideA",4996.48837209302,2
"Lupiwighteonehydrate7-glucoside",15348.7906976744,7
"Provincialin",9171.11627906977,5
"AustalideG",9944.44186046512,5
"Perulactone",10269.6744186047,5
"GanoderiolC",9040.83720930233,5
"2-Hexaprenyl-6-hydroxyphenol",6360.32558139535,3
"Divanillyltetrahydrofuranferulate",12321.488372093,6
"Myricanol5-glucoside",11672.1627906977,6
"WithaperuvinD",10866.3720930233,6
"24,25-Diacetylvulgaroside",10821.4186046512,6
"CucurbitacinP",11512.3255813953,6
"CyclopassifloicacidB",8905.76744186047,5
"6-Thioguanosine-5-O-triphosphate",8796.72093023256,4
"GTP",26182.4651162791,8
"dTDP-3,4-dioxo-2,6-dideoxy-D-glucose",80763.5581395349,10
"N-[(3a,5b,7b)-7-hydroxy-24-oxo-3-(sulfooxy)cholan-24-yl]-Glycine",5737.81395348837,2
"LysoPE(0:0/22:4(7Z,10Z,13Z,16Z))",7300.32558139535,3
"CinncassiolD2glucoside",7083.02325581395,3
"KukoamineA",7335.3488372093,3
"Sabadelin",399134.88372093,10
"2-amino-4-({1-[(carboxymethyl)-C-hydroxycarbonimidoyl]-2-{[1-(4,5-dihydroxy-2,3-dimethoxyphenyl)-3-oxopropyl]sulfanyl}ethyl}-C-hydroxycarbonimidoyl)butanoicacid; NeoacrimarineF",20415.2325581395,8
"GanodericacidL; Integerrenine",5748.27906976744,2
"DynemicinA",55287.5581395349,9
"C16Cer",4498.11627906977,2
"FAHFA(16:0/9-O-18:0)",4945.86046511628,2
"CyclicADP-ribose",4589.02325581395,2
"Resveratrol4-(6-galloylglucoside)",8544.23255813953,4
"BLII",5148.55813953488,2
"Arbekacin; Triterpenoid",6256.95348837209,3
"dTDP-hexose",7292.16279069767,3
"FAHFA(18:1(9Z)/12-O-18:0)",9705.3488372093,5
"UDP-hexose",26421.3720930233,9
"PenitremD",5014.53488372093,2
"Dieporeticenin",5525.72093023256,2
"DG(15:0/18:4(6Z,9Z,12Z,15Z)/0:0)",13941.6744186047,7
"Montecristin",5097.3488372093,2
"Epicatechin-(2beta->7,4beta->6)-catechin",6594.79069767442,3
"DG(15:0/18:3(6Z,9Z,12Z)/0:0)",11051.1627906977,6
"DG(15:0/18:2(9Z,12Z)/0:0)",6453.88372093023,3
"DG(15:0/18:1(11Z)/0:0)",5855.62790697674,2
"Biliverdin",5610.88372093023,2
"DG(15:0/18:0/0:0)",13530.6744186047,7
"Bilirubin",8137.23255813954,4
"6,8a-Seco-6,8a-deoxy-5-oxoavermectin2aaglycone",5884.93023255814,2
"D-Urobilin",11009.488372093,6
"D-Urobilinogen",27102.488372093,9
"UDP-2-acetamido-2,6-dideoxy-beta-L-talose",6915.23255813954,3
"Mesobilirubinogen",59248.1860465116,10
"L-Urobilin",155178.76744186,10
"L-Urobilinogen",171599.255813953,10
"Glyceroltriundecanoate",40873.8604651163,9
"1-Stearoylglycerophosphoinositol",7101.11627906977,3
"(6R)-10-Formyltetrahydropteroyldiglutamate",7410.06976744186,3
"DG(15:0/20:4(5Z,8Z,11Z,14Z)/0:0)",8375.3488372093,4
"Cycloartanylferulate",15487.7674418605,7
"GDP-hexose",232405.697674419,10
"Bruceantinol",9803.93023255814,5
"UDP-acetyl-hexosamine",56298.6744186046,9
"SynaptolepisfactorK1",9805.32558139535,5
"AntibioticX14889C",7837.6511627907,4
"C16CErP",6005.79069767442,2
"PonasterosideA",4817.39534883721,2
"(3S,5R,6R,6S)-6,7-Didehydro-5,6-dihydro-3,5,6-trihydroxy-13,14,20-trinor-3-oxo-beta,epsilon-caroten-19,11-olide3-acetate",17743.4186046512,7
"DG(15:0/22:5(4Z,7Z,10Z,13Z,16Z)/0:0)",8889.74418604651,4
"DG(15:0/22:4(7Z,10Z,13Z,16Z)/0:0)",20996.6976744186,8
"DG(18:2n6/0:0/20:5n3)",6199.39534883721,2
"DG(18:2n6/0:0/20:4n6)",30975.3023255814,9
"DG(20:3n9/0:0/18:2n6)",35362.7441860465,9
"PA(14:1(9Z)/20:5(5Z,8Z,11Z,14Z,17Z))",12403.8837209302,6
"p-CoumaroylvitisinA",7662.27906976744,4
"2-Octaprenyl-3-methyl-5-hydroxy-6-methoxy-1,4-benzoquinone",4869.53488372093,2
"Delphinidin3-(6-malonylglucoside)5-glucoside",32176.3953488372,9
"PE(14:0/20:2(11Z,14Z))",8873.86046511628,4
"PC(15:0/16:1(9Z))",6571,3
"({6-[(2-{[2-(3,4-dihydroxyphenyl)-7-hydroxy-5-oxo-5H-chromen-3-yl]oxy}-4,5-dihydroxy-6-(hydroxymethyl)oxan-3-yl)oxy]-3,4,5-trihydroxyoxan-2-yl}methyl)[hydroxy(4-hydroxyphenyl)methylidene]oxidanium",165252.046511628,10
"PC(15:0/18:4(6Z,9Z,12Z,15Z))",17288.1627906977,7
"Alliosterol1-rhamnoside16-galactoside",7737.55813953488,4
"PE(20:4(5Z,8Z,11Z,14Z)/P-18:1(11Z))",18088.4651162791,8
"beta-Casomorphin(1-6)",10738.1162790698,5
"PE(O-18:1(1Z)/20:4(5Z,8Z,11Z,14Z))",4655.79069767442,2
"PE(22:5(4Z,7Z,10Z,13Z,16Z)/P-18:1(11Z))",4331.58139534884,2
"Diginatin",13404.3720930233,6
"{[6-({5-[(6-{[(2-carboxyacetyl)oxy]methyl}-3,4,5-trihydroxyoxan-2-yl)oxy]-7-hydroxy-2-(4-oxocyclohexa-2,5-dien-1-ylidene)-2H-chromen-3-yl}oxy)-3,4,5-trihydroxyoxan-2-yl]methyl}[1-hydroxy-3-(4-hydroxyphenyl)prop-2-en-1-ylidene]oxidanium",350746.465116279,10
"3-Methylcrotonyl-CoA",15554.7209302326,7
"S-2-OctenoylCoA",9502.51162790698,5
"3-Hydroxy-5-methylhex-4-enoyl-CoA",14636.9302325581,7
"3-Oxopimelyl-CoA",26126.8139534884,8
"(1R)-2,2,3-Trimethyl-5-oxocyclopent-3-enyl]acetyl-CoA",8077.3488372093,4
"Feruloyl-CoA",42137.8372093023,9
"RebaudiosideE",9936.76744186047,5
"Pelargonidin3-O-[b-D-Glucopyranosyl-(1->2)-[4-hydroxycinnamoyl-(->6)]-b-D-glucopyranoside](E-)5-O-(6-O-malonyl-b-D-glucopyranoside)",16547,7
